Company Name,Date Folder,Status,Address,Phone,Owner,Notes
A & A Body Shop,2026-08-03,Ready to pitch,"1524 Martin St S, Pell City, AL 35128",(205) 338-2790,Raymond Turner,Prior audit PASS 2026-08-06. Unchanged this run.
B&M Mobile Mechanic,2026-08-04,Ready to pitch,"1600 1st Ave N, Pell City, AL 35125",(205) 482-4669,Brandon Fellers,Prior audit PASS. Unchanged this run.
Truss Barber Shop,2026-08-05,Ready to pitch,"610 16th St S #2, Pell City, AL 35128",(205) 338-9852,James Truss / Mario,Prior audit PASS. Unchanged this run.
Daffron Body Shop,2026-08-04,Ready to pitch,"793 Old Coal City Rd, Pell City, AL 35125",(205) 338-7781,Scott (probable),Prior audit PASS. Unchanged this run.
Farley’s Handyman Services,2026-08-04,Ready to pitch,Odenville AL,(205) 767-4694,River Farley,Prior audit PASS. Unchanged this run.
Kustom Quality Work,2026-08-04,Ready to pitch,Odenville AL,(256) 399-2131,,Prior audit PASS. Unchanged this run.
Shine Shanty Automotive Detailing,2026-08-04,Ready to pitch,"1213 Comer Ave, Pell City, AL 35125",(205) 753-3726,Joseph Satterwhite,Prior audit PASS. Unchanged this run.
Lincoln Barber Shop,2026-08-05,Ready to pitch,"47865 US Highway 78, Lincoln, AL 35096",(205) 763-7373,,Prior audit PASS. Unchanged this run.
JMR Detailing LLC,2026-08-05,Ready to pitch,Mobile - 100mi radius Pell City,(561) 373-1129,Josh Rayfield,Prior audit PASS. Unchanged this run.
V Nails Odenville,2026-08-05,Shortlisted,"190 Council Dr, Odenville, AL 35120",(205) 578-9903,,Unchanged this run.
Irrigation Plus,2026-08-08,Ready for audit,"155 Fox Run Lane, Pell City, AL 35125 / also listed 566 County Road 33, Ashville, AL 35953",(205) 753-1662,Chad Bagley,"QUALITY GATE 2026-08-17: Two explicit revision passes. Cross-critique fixed 5 prior weaknesses (missing www/index.html, approximate hours, dual-address silence, generic pitch, duplicate photo URL). Real files written to www/index.html, assets/assets.md, pitch/pitch.md, log/log.md + CRM export. Honest gaps present. Status set to Ready for audit. (Cannot set Ready to pitch.)"
Tamara’s Salon,2026-08-05,Shortlisted,"213 Cogswell Ave, Pell City, AL 35125",(205) 505-0052,,Unchanged this run.
Hot Rod’s Paintless Dent Repair,2026-08-05,Shortlisted,Serving Pell City/Cropwell,(205) 753-5749,,Unchanged this run.
Sugar & Sweets Bakery,2026-07-30,Ready to pitch,"2615 5th Ave N, Pell City, AL 35125",(659) 214-1020,Shenikia Malone-Craig,Prior audit PASS. Unchanged this run.
Stonehouse Antiques & Mercantile,2026-06-29,Ready to pitch,"3440 Martin Street South, Suite 12, Cropwell, AL 35054",(205) 913-4663,Becky Anderson,Prior audit PASS. Unchanged this run.
New Brook Coffeehouse / The Brook Coffeehouse & Event Center,2026-06-30,Ready to pitch,"4204 Martin Street S, Pell City / Cropwell, AL 35054",(205) 243-1085,Family-run,Prior audit PASS. Unchanged this run.
Nails 231,2026-08-11,Ready to pitch,"508 Martin St N, Pell City, AL 35125",(659) 658-4298,Billy & Renea,Prior audit PASS. Unchanged this run.
Jouseph Barbershop,2026-08-06,Shortlisted,"147 Magnolia St S, Lincoln, AL 35096",(256) 589-1677,,Unchanged this run.
Hair Designs By Holly,2026-08-06,Shortlisted,"1021 Martin St S, Pell City, AL 35128",(205) 338-1848,,Unchanged this run.
Creative Touch Salon,2026-08-06,Shortlisted,"2629 Martin St S, Pell City, AL 35128",(205) 965-3339,,Unchanged this run.
Hollis Barber & Beauty,2026-08-06,Shortlisted,"2023 Cogswell Ave, Pell City, AL 35125",(205) 338-3008,,Unchanged this run.
Twice Blessed Boutique & Consignment,2026-07-01,Ready to pitch,"2635 Martin Street S, Pell City, AL 35128",Facebook primary,Kim Isbell,Prior audit PASS. Unchanged this run.
Nothing Fancy Lawn Service & Pressure Washing,2026-07-13,Ready to pitch,"3315 9th Ave N / 104 Michael St, Pell City, AL 35125",(205) 571-5257,Tyler Etress,Prior audit PASS. Unchanged this run.
Rhonda's Cut & Style Barber Shop,2026-08-02,Ready to pitch,"1818 Cogswell Ave, Pell City, AL 35125",(205) 966-4170,Rhonda,Prior audit PASS. Unchanged this run.
Extreme Detailing LLC,2026-08-07,Ready to pitch,"1809 1st Ave S, Pell City, AL 35125",(205) 492-2709,Dan Baker,Prior audit PASS. Unchanged this run.
Graham & Sons Plumbing,2026-08-08,Ready to pitch,"25 Callahan Ln, Pell City, AL 35125",(205) 338-3463,Chester Graham,Prior audit PASS. Unchanged this run.
Blast From the Past Barber,2026-08-08,Ready to pitch,"14370 US Highway 411, Odenville, AL 35120",(205) 629-0446,,Prior audit PASS. Unchanged this run.
AM5 Auto,2026-07-07,Ready to pitch,"28 McLain Avenue, Lincoln, AL 35096",(205) 763-2329,Adam Holtman,Prior audit PASS. Unchanged this run.
Chad's Plumbing & Drain Cleaning,2026-07-14,Ready to pitch,"1740 Spring Hill Rd, Talladega, AL 35160",(205) 281-4321,Chad Purgahn,Prior audit PASS. Unchanged this run.
Hammonds Body Shop,2026-07-18,Ready to pitch,"80 Cogswell Ave, Pell City, AL 35125",(205) 338-4563,Jimmy Hammond,Prior audit PASS. Unchanged this run.
Mashburn Plumbing,2026-07-04,Ready to pitch,"11155 AL Highway 174, Odenville, AL 35120",(205) 296-9217,Joseph D. Mashburn,Prior audit PASS. Unchanged this run.
A Cleaning Company,2026-08-11,Ready to pitch,"PO Box 74, Pell City, AL",(205) 227-8515,,Prior audit PASS. Unchanged this run.
Pell City Pressure Washing,2026-08-11,Ready to pitch,Serving Pell City AL,205-410-5095,,Prior audit PASS. Unchanged this run.
A Nail Shop,2026-08-01,Ready to pitch,"1023 Martin St S, Pell City, AL 35128",(205) 338-3695,Vo/Dung,Prior audit PASS. Unchanged this run.
PELL City Alterations,2026-08-13,Ready to pitch,Pell City AL,(205) 473-4126,,Prior audit PASS. Unchanged this run.
U.G. Clothing Boutique (Uptown Girls),2026-07-23,Ready to pitch,"1800 Cogswell Ave, Pell City, AL 35125",(205) 814-1589,Virginia / Kala,Prior audit PASS. Unchanged this run.
Thee Spot Detail and Car Wash,2026-08-11,Ready to pitch,"7 18th Street South, Pell City, AL 35125",(256) 770-1466,Warren Montgomery Sr.,Prior audit PASS. Unchanged this run.
Groomer Has It,2026-08-15,Ready to pitch,"2247 Martin St S, Pell City, AL 35128",(205) 863-3293,Diana M.,Prior audit PASS. Unchanged this run.
Spuddy’s Suds and Detail,2026-08-14,Needs work,"19249 Hwy 231 N, Pell City, AL 35125",(205) 753-3087,,Prior audit FAIL 2026-08-15. Unchanged this run.
Boutique for Kim / Twice Blessed Boutique,2026-07-04,Draft complete – needs polish,"2635 Martin St S, Pell City, AL 35128",,Kim Isbell,Unchanged this run — duplicate of Twice Blessed.
Executive Cleaning Services LLC,2026-08-16,Ready for audit,Pell City AL (service area),(205) 405-5415,Michael (FB),Unchanged this run.
Red Hill Farms-Phillips Family,2026-07-04,Ready to pitch,"5514 Stemley Bridge Road, Pell City, AL 35128",(205) 352-8803,Tiffeny Phillips Robertson / Lonnie Phillips,Prior audit PASS. Unchanged this run.
BFIT Bakery,2026-07-02,Ready to pitch,"Pell City / Eden, AL (home kitchen)",(850) 206-3488,Anna Warren,Prior audit PASS. Unchanged this run.
Elegant Nail,2026-08-17,Shortlisted,"2120 2nd Ave N, Pell City, AL 35125",(205) 814-6068,,Unchanged this run.
Jazz'm Up Pet Salon,2026-08-17,Shortlisted,"1607 Martin St S Suite 1, Pell City, AL 35128",(205) 884-7387,,Unchanged this run.
Dogville USA,2026-08-17,Shortlisted,"2400 Cogswell Ave, Pell City, AL 35125",(205) 505-1045,,Unchanged this run.
The Detail Dudes,2026-08-17,Shortlisted,"18555 US-231, Pell City, AL 35125",(205) 927-4463,,Unchanged this run.
Melissa's Rainbow Express Carwash,2026-08-17,Shortlisted,"50 Vaughan Ln, Pell City, AL 35125",(205) 338-2163,,Unchanged this run.
HTRC Inc,2026-08-17,Shortlisted,"2105 Martin St S, Pell City, AL 35128",(205) 814-1911,,Unchanged this run.
Faded by Bobo,2026-08-16,Shortlisted,"2111 Cogswell Avenue, Pell City, AL 35128",(205) 362-9025,,Unchanged this run.
The HoneyComb Salon,2026-08-16,Shortlisted,"311 26th St N, Pell City, AL 35125",,,Unchanged this run.
Tru Colors Hair Salon,2026-08-16,Shortlisted,"2107 Martin Street South Suite 104, Pell City, AL 35128",(205) 222-0934,,Unchanged this run.
Snips N Clipz,2026-08-16,Shortlisted,"2409 3rd Ave N, Pell City, AL 35125",(205) 338-4900,,Unchanged this run.
